Symbol,Description,Category2,Category3,GICS Sector,Market cap,Dividend yield,Price to TTM earnings,Price to TTM sales,Price to book value,Action
AAPL,Apple Inc,Common stocks,Large cap,Information Technology,"$2,736,117,478,060",0.52%,0,0,0,Analyze
MSFT,Microsoft Corp,Common stocks,Large cap,Information Technology,"$2,114,566,144,682",0.83%,0,0,0,Analyze
GOOG,Alphabet Inc Class C,Common stocks,Large cap,Communication Services,"$1,733,494,811,330",0.00%,0,0,0,Analyze
GOOGL,Alphabet Inc Class A,Common stocks,Large cap,Communication Services,"$1,733,494,811,330",0.00%,0,0,0,Analyze
AMZN,Amazon.Com Inc.,Common stocks,Large cap,Consumer Discretionary,"$1,534,547,529,458",0.00%,0,0,0,Analyze
TSLA,Tesla Inc,Common stocks,Large cap,Consumer Discretionary,"$991,159,195,681",0.00%,0,0,0,Analyze
BRK-B,Berkshire Hathaway Inc. Class B,Common stocks,Large cap,Financials,"$772,602,206,415",0.00%,0,0,0,Analyze
NVDA,Nvidia Corp,Common stocks,Large cap,Information Technology,"$626,358,947,021",0.07%,0,0,0,Analyze
FB,Facebook Inc Class A,Common stocks,Large cap,Communication Services,"$611,155,587,410",0.00%,0,0,0,Analyze
UNH,Unitedhealth Group Inc,Common stocks,Large cap,Health Care,"$502,167,283,212",1.08%,0,0,0,Analyze
JNJ,Johnson & Johnson,Common stocks,Large cap,Health Care,"$473,005,341,624",2.33%,22.75,5.04,6.42,Analyze
V,Visa Inc Class A,Common stocks,Large cap,Information Technology,"$465,925,600,000",0.66%,0,0,0,Analyze
WMT,Walmart Stores Inc,Common stocks,Large cap,Consumer Staples,"$425,041,396,119",1.43%,0,0,0,Analyze
JPM,JP Morgan Chase & Co,Common stocks,Large cap,Financials,"$386,697,378,159",2.94%,8.05,3.18,1.27,Analyze
PG,Procter & Gamble,Common stocks,Large cap,Consumer Staples,"$384,795,902,699",2.17%,0,0,0,Analyze
XOM,Exxon Mobil Corp,Common stocks,Large cap,Energy,"$362,395,511,922",4.01%,0,0,0,Analyze
MA,Mastercard Inc Class A,Common stocks,Large cap,Information Technology,"$335,332,445,539",0.54%,0,0,0,Analyze
CVX,Chevron Corp,Common stocks,Large cap,Energy,"$332,065,670,717",3.17%,0,0,0,Analyze
HD,Home Depot Inc,Common stocks,Large cap,Consumer Discretionary,"$316,509,576,578",2.22%,0,0,0,Analyze
BAC,Bank of America Corp,Common stocks,Large cap,Financials,"$315,900,364,475",2.05%,0,0,0,Analyze
PFE,Pfizer Inc,Common stocks,Large cap,Health Care,"$299,953,301,571",2.92%,0,0,0,Analyze
LLY,Eli Lilly,Common stocks,Large cap,Health Care,"$293,399,102,578",1.14%,51.64,10.36,32.1,Analyze
ABBV,Abbvie Inc,Common stocks,Large cap,Health Care,"$293,026,668,892",3.12%,0,0,0,Analyze
KO,Coca-Cola,Common stocks,Large cap,Consumer Staples,"$279,867,272,035",2.60%,28.72,7.24,12.2,Analyze
COST,Costco Wholesale Corp,Common stocks,Large cap,Consumer Staples,"$257,672,873,234",0.54%,0,0,0,Analyze
PEP,Pepsico Inc,Common stocks,Large cap,Consumer Staples,"$239,613,755,022",2.46%,0,0,0,Analyze
AVGO,Broadcom Inc.,Common stocks,Large cap,Information Technology,"$238,873,064,132",3.21%,0,0,0,Analyze
DIS,Walt Disney,Common stocks,Large cap,Communication Services,"$238,211,675,103",0.00%,0,0,0,Analyze
VZ,Verizon Communications Inc,Common stocks,Large cap,Communication Services,"$225,297,195,940",5.83%,0,0,0,Analyze
TMO,Thermo Fisher Scientific Inc,Common stocks,Large cap,Health Care,"$223,488,461,850",0.19%,0,0,0,Analyze
MRK,Merck & Co Inc,Common stocks,Large cap,Health Care,"$216,456,499,773",3.09%,0,0,0,Analyze
ACN,Accenture Plc Class A,Common stocks,Large cap,Information Technology,"$215,794,602,454",1.13%,0,0,0,Analyze
CSCO,Cisco Systems Inc,Common stocks,Large cap,Information Technology,"$215,268,985,760",2.85%,0,0,0,Analyze
CMCSA,Comcast A Corp,Common stocks,Large cap,Communication Services,"$213,748,886,138",2.14%,0,0,0,Analyze
ORCL,Oracle Corp,Common stocks,Large cap,Information Technology,"$211,664,894,810",1.60%,0,0,0,Analyze
ABT,Abbott Laboratories,Common stocks,Large cap,Health Care,"$207,949,828,925",1.53%,0,0,0,Analyze
ADBE,Adobe Inc,Common stocks,Large cap,Information Technology,"$201,648,825,000",0.00%,0,0,0,Analyze
DHR,Danaher Corp,Common stocks,Large cap,Health Care,"$200,828,084,994",0.31%,0,0,0,Analyze
NKE,Nike Inc Class B,Common stocks,Large cap,Consumer Discretionary,"$196,291,545,201",0.92%,0,0,0,Analyze
CRM,Salesforce.Com Inc,Common stocks,Large cap,Information Technology,"$192,861,900,000",0.00%,0,0,0,Analyze
INTC,Intel Corporation Corp,Common stocks,Large cap,Information Technology,"$190,122,742,173",2.99%,0,0,0,Analyze
MCD,Mcdonalds Corp,Common stocks,Large cap,Consumer Discretionary,"$184,287,460,824",2.13%,0,0,0,Analyze
WFC,Wells Fargo,Common stocks,Large cap,Financials,"$184,072,920,351",1.54%,0,0,0,Analyze
BMY,Bristol Myers Squibb,Common stocks,Large cap,Health Care,"$166,857,016,371",2.66%,0,0,0,Analyze
NEE,Nextera Energy Inc,Common stocks,Large cap,Utilities,"$164,346,378,273",1.87%,0,0,0,Analyze
TMUS,T Mobile US Inc,Common stocks,Large cap,Communication Services,"$164,206,671,554",0.00%,0,0,0,Analyze
UPS,United Parcel Service Inc Class B,Common stocks,Large cap,Industrials,"$162,412,116,000",2.42%,0,0,0,Analyze
LIN,Linde Plc,Common stocks,Large cap,Materials,"$160,942,185,534",1.38%,42.77,5.23,3.72,Analyze
TXN,Texas Instrument Inc,Common stocks,Large cap,Information Technology,"$159,657,814,766",2.49%,0,0,0,Analyze
PM,Philip Morris International Inc,Common stocks,Large cap,Consumer Staples,"$155,767,747,516",4.83%,0,0,0,Analyze
AMD,Advanced Micro Devices Inc,Common stocks,Large cap,Information Technology,"$154,077,013,627",0.00%,0,0,0,Analyze
UNP,Union Pacific Corp,Common stocks,Large cap,Industrials,"$153,992,520,916",1.82%,0,0,0,Analyze
QCOM,Qualcomm Inc,Common stocks,Large cap,Information Technology,"$153,112,345,826",1.99%,0,0,0,Analyze
RTX,Raytheon Technologies Corporation,Common stocks,Large cap,Industrials,"$152,901,535,480",1.97%,0,0,0,Analyze
NFLX,Netflix Inc,Common stocks,Large cap,Communication Services,"$152,021,662,253",0.00%,0,0,0,Analyze
SCHW,Charles Schwab Corporation,Common stocks,Large cap,Financials,"$150,457,930,476",0.92%,0,0,0,Analyze
MDT,Medtronic Plc,Common stocks,Large cap,Health Care,"$148,347,402,303",2.26%,0,0,0,Analyze
MS,Morgan Stanley,Common stocks,Large cap,Financials,"$147,394,554,374",2.89%,0,0,0,Analyze
SPGI,S&P Global Inc,Common stocks,Large cap,Financials,"$137,877,244,130",0.77%,0,0,0,Analyze
T,AT&T Inc.,Common stocks,Large cap,Communication Services,"$137,732,829,278",7.82%,0,0,0,Analyze
CVS,CVS Health Corp,Common stocks,Large cap,Health Care,"$137,412,587,094",1.94%,0,0,0,Analyze
LOW,Lowes Companies Inc,Common stocks,Large cap,Consumer Discretionary,"$135,051,123,170",1.47%,16.17,0,-28.23,Analyze
AMGN,Amgen Inc,Common stocks,Large cap,Health Care,"$133,467,552,892",2.85%,0,0,0,Analyze
AXP,American Express,Common stocks,Large cap,Financials,"$132,934,494,559",1.03%,0,0,0,Analyze
HON,Honeywell International Inc,Common stocks,Large cap,Industrials,"$130,920,150,647",1.99%,0,0,0,Analyze
COP,ConocoPhillips,Common stocks,Large cap,Energy,"$129,605,125,700",1.76%,0,0,0,Analyze
ANTM,Anthem Inc,Common stocks,Large cap,Health Care,"$129,066,067,317",0.91%,0,0,0,Analyze
DE,Deere & Company,Common stocks,Large cap,Industrials,"$128,766,585,572",0.96%,0,0,0,Analyze
INTU,Intuit Inc,Common stocks,Large cap,Information Technology,"$126,504,649,207",0.57%,0,0,0,Analyze
PYPL,Paypal Holdings Inc,Common stocks,Large cap,Information Technology,"$126,111,781,832",0.00%,0,0,0,Analyze
LMT,Lockheed Martin Corp,Common stocks,Large cap,Industrials,"$124,618,017,987",2.29%,19.8,1.86,11.41,Analyze
PLD,"Prologis, Inc",REITs,Large cap,Real Estate,"$122,374,249,223",1.61%,0,0,0,Analyze
AMT,American Tower Corporation,REITs,Large cap,Real Estate,"$117,335,810,144",2.07%,0,0,0,Analyze
CAT,Caterpillar Inc,Common stocks,Large cap,Industrials,"$116,126,940,652",2.00%,0,0,0,Analyze
IBM,International Business Machines Co,Common stocks,Large cap,Information Technology,"$113,295,072,036",5.11%,0,0,0,Analyze
BLK,Blackrock Inc,Common stocks,Large cap,Financials,"$108,988,554,309",2.39%,0,0,0,Analyze
GS,Goldman Sachs Group Inc,Common stocks,Large cap,Financials,"$108,061,652,343",2.25%,0,0,0,Analyze
TGT,Target Corp,Common stocks,Large cap,Consumer Discretionary,"$106,975,797,471",1.45%,0,0,0,Analyze
CHTR,Charter Communications Inc Class A,Common stocks,Large cap,Communication Services,"$105,152,460,991",0.00%,0,0,0,Analyze
BA,Boeing,Common stocks,Large cap,Industrials,"$104,073,040,124",0.00%,0,0,0,Analyze
NOW,Servicenow Inc,Common stocks,Large cap,Information Technology,"$102,042,000,000",0.00%,0,0,0,Analyze
AMAT,Applied Material Inc,Common stocks,Large cap,Information Technology,"$101,201,689,844",1.05%,0,0,0,Analyze
ISRG,Intuitive Surgical Inc,Common stocks,Large cap,Health Care,"$99,802,285,460",0.00%,48.82,17.48,8.61,Analyze
C,Citigroup Inc,Common stocks,Large cap,Financials,"$99,718,234,818",4.01%,0,0,0,Analyze
MO,Altria Group Inc,Common stocks,Large cap,Consumer Staples,"$99,535,868,267",6.31%,0,0,0,Analyze
SYK,Stryker Corp,Common stocks,Large cap,Health Care,"$99,116,051,057",1.01%,0,0,0,Analyze
GE,General Electric,Common stocks,Large cap,Industrials,"$98,938,969,380",0.36%,0,0,0,Analyze
ADP,Automatic Data Processing Inc,Common stocks,Large cap,Information Technology,"$97,055,658,931",1.69%,0,0,0,Analyze
EL,Estee Lauder Inc Class A,Common stocks,Large cap,Consumer Staples,"$94,994,161,002",0.86%,0,0,0,Analyze
SBUX,Starbucks Corp,Common stocks,Large cap,Consumer Discretionary,"$91,782,437,000",2.34%,0,0,0,Analyze
CB,Chubb Ltd,Common stocks,Large cap,Financials,"$90,836,012,894",1.48%,0,0,0,Analyze
BKNG,Booking Holdings Inc,Common stocks,Large cap,Consumer Discretionary,"$89,575,064,909",0.00%,0,0,0,Analyze
DUK,Duke Energy Corp,Common stocks,Large cap,Utilities,"$88,861,796,481",3.35%,0,0,0,Analyze
ZTS,Zoetis Inc,Common stocks,Large cap,Health Care,"$88,655,928,980",0.57%,0,0,0,Analyze
MDLZ,Mondelez International Inc,Common stocks,Large cap,Consumer Staples,"$88,062,703,093",2.13%,0,0,0,Analyze
CME,CME Group Inc Class A,Common stocks,Large cap,Financials,"$84,833,774,908",1.56%,0,0,0,Analyze
MMC,Marsh & McLennan Inc,Common stocks,Large cap,Financials,"$84,776,366,654",1.26%,0,0,0,Analyze
MMM,3M,Common stocks,Large cap,Industrials,"$84,567,561,645",3.94%,0,0,0,Analyze
CCI,Crown Castle International Corp.,REITs,Large cap,Real Estate,"$84,046,720,887",2.85%,0,0,0,Analyze
ADI,Analog Devices Inc,Common stocks,Large cap,Information Technology,"$81,375,502,715",1.81%,0,0,0,Analyze
CI,Cigna Corp,Common stocks,Large cap,Health Care,"$81,128,765,983",1.61%,0,0,0,Analyze
MU,Micron Technology Inc,Common stocks,Large cap,Information Technology,"$80,355,347,030",0.42%,0,0,0,Analyze
SO,Southern Co,Common stocks,Large cap,Utilities,"$80,089,516,382",3.44%,0,0,0,Analyze
HCA,"HCA Healthcare, Inc.",Common stocks,Large cap,Health Care,"$78,793,579,593",0.76%,0,0,0,Analyze
GILD,Gilead Sciences Inc,Common stocks,Large cap,Health Care,"$77,277,038,800",4.56%,0,0,0,Analyze
BDX,Becton Dickinson,Common stocks,Large cap,Health Care,"$76,654,678,507",1.23%,0,0,0,Analyze
REGN,Regeneron Pharmaceuticals Inc,Common stocks,Large cap,Health Care,"$75,673,129,116",0.00%,0,0,0,Analyze
USB,US Bancorp,Common stocks,Large cap,Financials,"$75,469,661,144",3.50%,0,0,0,Analyze
PNC,"PNC Financial Services Group, Inc.",Common stocks,Large cap,Financials,"$75,217,250,120",3.51%,0,0,0,Analyze
EW,Edwards Lifesciences Corp,Common stocks,Large cap,Health Care,"$75,079,902,415",0.00%,0,0,0,Analyze
CSX,CSX Corp,Common stocks,Large cap,Industrials,"$74,964,947,091",1.10%,0,0,0,Analyze
TJX,"TJX Companies, Inc.",Common stocks,Large cap,Consumer Discretionary,"$73,839,582,717",1.65%,0,0,0,Analyze
AON,Aon Plc,Common stocks,Large cap,Financials,"$72,553,257,972",0.62%,0,0,0,Analyze
EOG,EOG Resources Inc,Common stocks,Large cap,Energy,"$72,482,922,318",1.55%,0,0,0,Analyze
NOC,Northrop Grumman Corp,Common stocks,Large cap,Industrials,"$72,134,487,967",1.35%,0,0,0,Analyze
VRTX,Vertex Pharmaceuticals Inc,Common stocks,Large cap,Health Care,"$71,843,369,761",0.00%,0,0,0,Analyze
PSA,Public Storage,REITs,Large cap,Real Estate,"$71,329,855,028",1.95%,0,0,0,Analyze
D,Dominion Energy Inc,Common stocks,Large cap,Utilities,"$70,844,792,208",2.89%,0,0,0,Analyze
TFC,Truist Financial Corporation,Common stocks,Large cap,Financials,"$70,024,657,399",3.55%,0,0,0,Analyze
ICE,Intercontinental Exchange Inc,Common stocks,Large cap,Financials,"$69,959,215,519",1.09%,0,0,0,Analyze
FCX,"Freeport-McMoRan, Inc.",Common stocks,Large cap,Materials,"$69,720,382,061",0.62%,0,0,0,Analyze
CL,Colgate-Palmolive,Common stocks,Large cap,Consumer Staples,"$68,088,070,827",2.20%,0,0,0,Analyze
GD,General Dynamics Corp,Common stocks,Large cap,Industrials,"$67,815,232,165",1.96%,0,0,0,Analyze
PGR,Progressive Corp,Common stocks,Large cap,Financials,"$67,436,499,467",1.64%,0,0,0,Analyze
EQIX,"Equinix, Inc.",REITs,Large cap,Real Estate,"$67,283,258,574",1.57%,0,0,0,Analyze
WM,Waste Management Inc,Common stocks,Large cap,Industrials,"$67,193,616,220",1.46%,0,0,0,Analyze
SHW,Sherwin Williams,Common stocks,Large cap,Materials,"$66,947,715,584",0.87%,0,0,0,Analyze
NSC,Norfolk Southern Corp,Common stocks,Large cap,Industrials,"$65,710,997,130",1.69%,0,0,0,Analyze
NEM,Newmont Corporation,Common stocks,Large cap,Materials,"$65,385,331,853",2.63%,0,0,0,Analyze
LRCX,Lam Research Corp,Common stocks,Large cap,Information Technology,"$65,146,566,781",1.24%,14.36,3.94,10.18,Analyze
FISV,Fiserv Inc,Common stocks,Large cap,Information Technology,"$64,531,242,138",0.00%,0,0,0,Analyze
MRNA,"Moderna, Inc.",Common stocks,Large cap,Health Care,"$64,281,724,452",0.00%,0,0,0,Analyze
BSX,Boston Scientific Corp,Common stocks,Large cap,Health Care,"$62,433,473,397",0.00%,0,0,0,Analyze
ITW,Illinois Tool Inc,Common stocks,Large cap,Industrials,"$62,320,743,596",2.38%,23.08,4.31,17.15,Analyze
FIS,Fidelity National Information Services,Common stocks,Large cap,Information Technology,"$62,141,676,672",1.60%,0,0,0,Analyze
ATVI,Activision Blizzard Inc,Common stocks,Large cap,Communication Services,"$61,747,573,703",0.59%,0,0,0,Analyze
MCO,Moodys Corp,Common stocks,Large cap,Financials,"$61,571,185,533",0.77%,0,0,0,Analyze
PXD,Pioneer Natural Resource,Common stocks,Large cap,Energy,"$61,335,500,308",1.24%,0,0,0,Analyze
F,Ford Motor Company,Common stocks,Large cap,Consumer Discretionary,"$60,416,954,511",1.30%,0,0,0,Analyze
SLB,Schlumberger Nv,Common stocks,Large cap,Energy,"$58,682,692,193",1.20%,0,0,0,Analyze
GM,General Motors,Common stocks,Large cap,Consumer Discretionary,"$58,178,974,333",0.00%,0,0,0,Analyze
MET,Metlife Inc,Common stocks,Large cap,Financials,"$57,887,489,599",2.71%,0,0,0,Analyze
HUM,Humana Inc,Common stocks,Large cap,Health Care,"$56,912,803,349",0.64%,0,0,0,Analyze
ETN,"Eaton Corporation, PLC",Common stocks,Large cap,Industrials,"$56,267,434,163",2.18%,0,0,0,Analyze
DG,Dollar General Corp,Common stocks,Large cap,Consumer Discretionary,"$55,784,614,121",0.74%,0,0,0,Analyze
OXY,Occidental Petroleum Corp,Common stocks,Large cap,Energy,"$55,408,809,911",0.27%,0,0,0,Analyze
EMR,Emerson Electric,Common stocks,Large cap,Industrials,"$55,218,618,000",2.18%,0,0,0,Analyze
APD,Air Products And Chemicals Inc,Common stocks,Large cap,Materials,"$54,937,134,151",2.45%,0,0,0,Analyze
COF,Capital One Financial Corp,Common stocks,Large cap,Financials,"$54,429,915,164",1.66%,0,0,0,Analyze
ILMN,Illumina Inc,Common stocks,Large cap,Health Care,"$54,126,631,038",0.00%,0,0,0,Analyze
SRE,Sempra Energy,Common stocks,Large cap,Utilities,"$53,564,407,922",3.23%,0,0,0,Analyze
ADM,Archer-Daniels-Midland Company,Common stocks,Large cap,Consumer Staples,"$53,474,733,833",1.58%,0,0,0,Analyze
MAR,Marriott International Inc,Common stocks,Large cap,Consumer Discretionary,"$53,420,968,425",0.00%,0,0,0,Analyze
FTNT,Fortinet Inc,Common stocks,Large cap,Information Technology,"$53,085,178,725",0.00%,0,0,0,Analyze
FDX,FedEx Corporation,Common stocks,Large cap,Industrials,"$52,970,846,443",1.46%,0,0,0,Analyze
AEP,American Electric Power Inc,Common stocks,Large cap,Utilities,"$51,620,187,200",2.93%,0,0,0,Analyze
ECL,Ecolab Inc,Common stocks,Large cap,Materials,"$51,341,468,495",1.10%,0,0,0,Analyze
KHC,Kraft Heinz,Common stocks,Large cap,Consumer Staples,"$50,367,647,119",3.83%,50.84,1.93,1.04,Analyze
AIG,American International Group Inc,Common stocks,Large cap,Financials,"$50,350,161,433",2.03%,0,0,0,Analyze
CNC,Centene Corp,Common stocks,Large cap,Health Care,"$50,016,506,753",0.00%,0,0,0,Analyze
KLAC,KLA-Tencor Corporation,Common stocks,Large cap,Information Technology,"$49,773,742,026",1.22%,16.98,6.1,12.53,Analyze
ROP,Roper Technologies Inc,Common stocks,Large cap,Industrials,"$49,686,133,868",0.50%,0,0,0,Analyze
LHX,"L3Harris Technologies, Inc.",Common stocks,Large cap,Industrials,"$49,654,980,046",1.61%,26.59,2.79,2.54,Analyze
PAYX,Paychex Inc,Common stocks,Large cap,Information Technology,"$49,311,365,164",1.92%,0,0,0,Analyze
MCK,Mckesson Corp,Common stocks,Large cap,Health Care,"$48,321,960,775",0.57%,0,0,0,Analyze
DXCM,Dexcom Inc,Common stocks,Large cap,Health Care,"$48,123,901,321",0.00%,0,0,0,Analyze
MPC,Marathon Petroleum Corp,Common stocks,Large cap,Energy,"$47,925,688,582",2.67%,0,0,0,Analyze
SNPS,Synopsys Inc,Common stocks,Large cap,Information Technology,"$47,587,674,205",0.00%,0,0,0,Analyze
ORLY,Oreilly Automotive Inc,Common stocks,Large cap,Consumer Discretionary,"$47,570,975,362",0.00%,0,0,0,Analyze
STZ,Constellation Brands Class A,Common stocks,Large cap,Consumer Staples,"$47,402,284,363",1.22%,0,0,0,Analyze
EXC,Exelon Corp,Common stocks,Large cap,Utilities,"$47,095,581,312",2.38%,0,0,0,Analyze
HSY,Hershey Foods,Common stocks,Large cap,Consumer Staples,"$47,044,254,840",1.54%,0,0,0,Analyze
DOW,Dow Inc.,Common stocks,Large cap,Materials,"$46,501,531,061",4.35%,0,0,0,Analyze
IQV,"IQVIA Holdings, Inc.",Common stocks,Large cap,Health Care,"$45,374,785,400",0.00%,47.3,3.27,7.56,Analyze
CTSH,Cognizant Technology Solutions,Common stocks,Large cap,Information Technology,"$45,157,203,343",1.14%,0,0,0,Analyze
TRV,Travelers Companies Inc,Common stocks,Large cap,Financials,"$44,377,069,827",1.89%,0,0,0,Analyze
CTVA,"Corteva, Inc.",Common stocks,Large cap,Materials,"$44,064,283,671",0.90%,0,0,0,Analyze
WELL,Welltower Inc,REITs,Large cap,Real Estate,"$43,835,050,140",0.00%,0,0,0,Analyze
MNST,Monster Beverage Corp,Common stocks,Large cap,Consumer Staples,"$43,772,684,133",0.00%,0,0,0,Analyze
JCI,Johnson Controls International Plc,Common stocks,Large cap,Industrials,"$43,679,004,960",1.97%,28.11,1.81,2.55,Analyze
NXPI,NXP Semiconductors Nv,Common stocks,Large cap,Information Technology,"$43,644,133,326",1.52%,0,0,0,Analyze
PRU,Prudential Financial Inc,Common stocks,Large cap,Financials,"$43,446,800,000",3.96%,0,0,0,Analyze
KMI,Kinder Morgan Inc,Common stocks,Large cap,Energy,"$43,399,654,421",5.51%,24.52,2.61,1.42,Analyze
SYY,Sysco Corp,Common stocks,Large cap,Consumer Staples,"$43,355,346,928",2.20%,0,0,0,Analyze
AZO,Autozone Inc,Common stocks,Large cap,Consumer Discretionary,"$43,041,079,326",0.00%,0,0,0,Analyze
CMG,Chipotle Mexican Grill Inc,Common stocks,Large cap,Consumer Discretionary,"$42,942,877,004",0.00%,0,0,0,Analyze
APH,Amphenol Corp,Common stocks,Large cap,Information Technology,"$42,903,257,335",0.96%,0,0,0,Analyze
O,Realty Income Corporation,REITs,Large cap,Real Estate,"$42,785,797,993",3.95%,0,0,0,Analyze
ADSK,Autodesk Inc,Common stocks,Large cap,Information Technology,"$42,622,786,020",0.00%,0,0,0,Analyze
CTAS,Cintas Corp,Common stocks,Large cap,Industrials,"$42,543,628,246",0.86%,0,0,0,Analyze
KR,Kroger,Common stocks,Large cap,Consumer Staples,"$42,494,358,513",1.37%,38.75,0,4.46,Analyze
CDNS,Cadence Design Systems Inc,Common stocks,Large cap,Information technology,"$42,491,366,930",0.00%,0,0,0,Analyze
KMB,Kimberly Clark Corp,Common stocks,Large cap,Consumer Staples,"$42,432,760,303",3.59%,23.48,2.18,82.85,Analyze
GIS,General Mills Inc,Common stocks,Large cap,Consumer Staples,"$42,413,793,343",2.86%,0,0,0,Analyze
WMB,Williams Inc,Common stocks,Large cap,Energy,"$42,290,473,199",4.66%,0,0,0,Analyze
RSG,Republic Services Inc,Common stocks,Large cap,Industrials,"$42,286,922,409",1.34%,0,0,0,Analyze
NUE,Nucor Corp,Common stocks,Large cap,Materials,"$42,262,796,595",1.15%,0,0,0,Analyze
AFL,Aflac Inc,Common stocks,Large cap,Financials,"$42,169,472,179",2.12%,0,0,0,Analyze
IDXX,Idexx Laboratories Inc,Common stocks,Large cap,Health Care,"$41,892,015,025",0.00%,0,0,0,Analyze
SPG,"Simon Property Group, Inc",REITs,Large cap,Real Estate,"$41,430,230,026",4.83%,0,0,0,Analyze
DVN,Devon Energy Corp,Common stocks,Large cap,Energy,"$41,353,092,000",3.27%,0,0,0,Analyze
DLR,"Digital Realty Trust, Inc",REITs,Large cap,Real Estate,"$41,296,750,597",3.19%,0,0,0,Analyze
VLO,Valero Energy Corp,Common stocks,Large cap,Energy,"$41,265,111,410",3.82%,0,0,0,Analyze
XEL,Xcel Energy Inc,Common stocks,Large cap,Utilities,"$40,692,761,351",2.46%,0,0,0,Analyze
HLT,Hilton Worldwide Holdings Inc,Common stocks,Large cap,Consumer Discretionary,"$40,453,679,448",0.00%,0,0,0,Analyze
TEL,TE Connectivity Ltd,Common stocks,Large cap,Information Technology,"$40,267,068,007",1.61%,0,0,0,Analyze
HPQ,HP Inc,Common stocks,Large cap,Information Technology,"$39,912,030,162",2.32%,0,0,0,Analyze
ALL,Allstate Corp,Common stocks,Large cap,Financials,"$39,558,542,047",2.28%,0,0,0,Analyze
PSX,Phillips 66,Common stocks,Large cap,Energy,"$39,434,646,224",4.37%,0,0,0,Analyze
BAX,Baxter International Inc,Common stocks,Large cap,Health Care,"$39,284,589,790",1.43%,0,0,0,Analyze
ANET,Arista Networks Inc,Common stocks,Large cap,Information Technology,"$39,215,617,369",0.00%,0,0,0,Analyze
MSCI,MSCI Inc,Common stocks,Large cap,Financials,"$39,033,789,372",0.81%,0,0,0,Analyze
MSI,Motorola Solutions Inc,Common stocks,Large cap,Information Technology,"$38,909,934,284",1.28%,0,0,0,Analyze
BK,Bank Of New York Mellon Corp,Common stocks,Large cap,Financials,"$38,458,612,050",2.77%,0,0,0,Analyze
SBAC,SBA Communications Corporation,REITs,Large cap,Real Estate,"$38,289,948,045",0.69%,0,0,0,Analyze
WBA,Walgreen Boots Alliance Inc,Common stocks,Large cap,Consumer Staples,"$38,204,700,313",4.23%,0,0,0,Analyze
GPN,Global Payments Inc,Common stocks,Large cap,Information Technology,"$38,047,010,200",0.70%,0,0,0,Analyze
AJG,Arthur J Gallagher,Common stocks,Large cap,Financials,"$37,782,951,078",1.08%,0,0,0,Analyze
A,Agilent Technologies Inc,Common stocks,Large cap,Health Care,"$37,662,906,533",0.64%,0,0,0,Analyze
DLTR,Dollar Tree Inc,Common stocks,Large cap,Consumer Discretionary,"$37,633,944,802",0.00%,0,0,0,Analyze
BKR,Baker Hughes Company Class A,Common stocks,Large cap,Energy,"$37,599,916,800",1.47%,0,0,0,Analyze
MCHP,Microchip Technology Inc,Common stocks,Large cap,Information Technology,"$36,400,713,028",1.06%,0,0,0,Analyze
PEG,Public Service Enterprise Group Inc,Common stocks,Large cap,Utilities,"$36,109,445,085",2.85%,0,0,0,Analyze
ROST,Ross Stores Inc,Common stocks,Large cap,Consumer Discretionary,"$35,908,783,225",1.13%,0,0,0,Analyze
CARR,Carrier Global Corporation,Common stocks,Large cap,Industrials,"$35,638,615,456",1.22%,0,0,0,Analyze
TWTR,Twitter Inc,Common stocks,Large cap,Communication Services,"$35,612,519,064",0.00%,0,0,0,Analyze
HAL,Halliburton,Common stocks,Large cap,Energy,"$35,599,089,127",0.64%,0,0,0,Analyze
TDG,Transdigm Group Inc,Common stocks,Large cap,Industrials,"$35,302,169,177",0.00%,0,0,0,Analyze
HES,Hess Corp,Common stocks,Large cap,Energy,"$34,875,248,264",0.99%,0,0,0,Analyze
DD,"DuPont de Nemours, Inc.",Common stocks,Large cap,Materials,"$34,813,879,731",1.79%,0,0,0,Analyze
EA,Electronic Arts Inc,Common stocks,Large cap,Communication Services,"$34,750,635,657",0.55%,0,0,0,Analyze
PH,Parker-Hannifin Corp,Common stocks,Large cap,Industrials,"$34,722,365,365",1.52%,0,0,0,Analyze
RMD,Resmed Inc,Common stocks,Large cap,Health Care,"$34,711,622,498",0.69%,0,0,0,Analyze
ED,Consolidated Edison Inc,Common stocks,Large cap,Utilities,"$34,640,041,366",3.14%,0,0,0,Analyze
VRSK,Verisk Analytics Inc,Common stocks,Large cap,Industrials,"$34,617,770,671",0.55%,0,0,0,Analyze
YUM,Yum Brands Inc,Common stocks,Large cap,Consumer Discretionary,"$34,552,298,000",1.72%,0,0,0,Analyze
AVB,"AvalonBay Communities, Inc",REITs,Large cap,Real Estate,"$34,462,437,753",2.56%,0,0,0,Analyze
TT,Trane Technologies plc,Common stocks,Large cap,Industrials,"$34,309,080,949",1.65%,0,0,0,Analyze
TSN,Tyson Foods Inc Class A,Common stocks,Large cap,Consumer Staples,"$34,024,867,840",1.92%,0,0,0,Analyze
ABC,AmerisourceBergen Corp,Common stocks,Large cap,Health Care,"$34,009,928,704",1.10%,0,0,0,Analyze
EQR,Equity Residential,REITs,Large cap,Real Estate,"$33,930,290,263",2.67%,0,0,0,Analyze
LYB,Lyondellbasell Industries NV,Common stocks,Large cap,Materials,"$33,915,036,660",4.32%,0,0,0,Analyze
FAST,Fastenal,Common stocks,Large cap,Industrials,"$33,203,483,654",1.98%,0,0,0,Analyze
WEC,WEC Energy Group Inc,Common stocks,Large cap,Utilities,"$32,934,519,382",2.61%,0,0,0,Analyze
TROW,T Rowe Price Group Inc,Common stocks,Large cap,Financials,"$32,775,017,363",3.04%,0,0,0,Analyze
ARE,"Alexandria Real Estate Equities, Inc",REITs,Large cap,Real Estate,"$32,225,760,143",2.28%,0,0,0,Analyze
OTIS,Otis Worldwide Corporation,Common stocks,Large cap,Industrials,"$32,081,975,453",1.26%,0,0,0,Analyze
ALGN,Align Technology Inc,Common stocks,Large cap,Health Care,"$32,013,049,395",0.00%,0,0,0,Analyze
ES,Eversource Energy,Common stocks,Large cap,Utilities,"$31,977,800,780",2.61%,0,0,0,Analyze
BF-B,Brown Forman Inc Class B,Common stocks,Large cap,Consumer Staples,"$31,950,748,207",1.06%,0,0,0,Analyze
EBAY,Ebay Inc,Common stocks,Large cap,Consumer Discretionary,"$31,867,568,350",1.39%,0,0,0,Analyze
DFS,Discover Financial Services,Common stocks,Large cap,Financials,"$31,860,779,317",1.72%,0,0,0,Analyze
AMP,Ameriprise Finance Inc,Common stocks,Large cap,Financials,"$31,839,598,104",1.56%,0,0,0,Analyze
IFF,International Flavors & Fragrances,Common stocks,Large cap,Materials,"$31,697,885,634",2.51%,0,0,0,Analyze
OKE,Oneok Inc,Common stocks,Large cap,Energy,"$31,623,154,453",5.16%,0,0,0,Analyze
AWK,American Water Works Inc,Common stocks,Large cap,Utilities,"$30,634,394,157",1.42%,0,0,0,Analyze
BIIB,Biogen Inc,Common stocks,Large cap,Health Care,"$30,577,078,712",0.00%,0,0,0,Analyze
ROK,Rockwell Automation Inc,Common stocks,Large cap,Industrials,"$30,549,122,961",1.66%,0,0,0,Analyze
PPG,PPG Industries Inc,Common stocks,Large cap,Materials,"$30,394,624,654",1.78%,0,0,0,Analyze
STT,State Street Corp,Common stocks,Large cap,Financials,"$30,222,295,156",2.69%,0,0,0,Analyze
APTV,Aptiv Plc,Common stocks,Large cap,Consumer Discretionary,"$30,033,676,144",0.00%,0,0,0,Analyze
MTD,Mettler Toledo Inc,Common stocks,Large cap,Health Care,"$29,869,336,074",0.00%,0,0,0,Analyze
ODFL,Old Dominion Freight Line Inc,Common stocks,Large cap,Industrials,"$29,864,588,780",0.35%,0,0,0,Analyze
SIVB,SVB Financial Group,Common stocks,Large cap,Financials,"$29,807,048,541",0.00%,0,0,0,Analyze
AME,Ametek Inc,Common stocks,Large cap,Industrials,"$29,749,380,547",0.64%,0,0,0,Analyze
NDAQ,Nasdaq Inc,Common stocks,Large cap,Financials,"$29,604,045,247",1.19%,0,0,0,Analyze
WY,Weyerhaeuser Company,REITs,Large cap,Real Estate,"$29,569,234,477",1.68%,0,0,0,Analyze
HRL,Hormel Foods Corp,Common stocks,Large cap,Consumer Staples,"$29,064,722,541",1.88%,0,0,0,Analyze
CPRT,Copart Inc,Common stocks,Large cap,Industrials,"$28,737,173,663",0.00%,0,0,0,Analyze
PCAR,Paccar Inc,Common stocks,Large cap,Industrials,"$28,651,871,450",1.62%,0,0,0,Analyze
EXR,Extra Space Storage Inc,REITs,Large cap,Real Estate,"$28,575,341,527",2.33%,0,0,0,Analyze
WST,West Pharmaceutical Services Inc,Common stocks,Large cap,Health Care,"$28,564,985,050",0.18%,0,0,0,Analyze
CBRE,CBRE Group Inc,Common stocks,Large cap,Real Estate,"$28,414,269,016",0.00%,0,0,0,Analyze
GLW,Corning Inc,Common stocks,Large cap,Information Technology,"$28,371,426,018",2.92%,0,0,0,Analyze
BLL,Ball Corp,Common stocks,Large cap,Materials,"$27,723,826,363",0.87%,0,0,0,Analyze
CERN,Cerner Corp,Common stocks,Large cap,Health Care,"$27,441,928,203",1.05%,0,0,0,Analyze
EIX,Edison International,Common stocks,Large cap,Utilities,"$27,371,629,850",3.73%,0,0,0,Analyze
CMI,Cummins Inc,Common stocks,Large cap,Industrials,"$27,360,719,535",2.93%,0,0,0,Analyze
MOS,Mosaic,Common stocks,Large cap,Materials,"$27,322,959,987",0.45%,0,0,0,Analyze
MKC,McCormick & Co  Non-voting,Common stocks,Large cap,Consumer Staples,"$27,217,232,056",1.38%,0,0,0,Analyze
FITB,Fifth Third Bancorp,Common stocks,Large cap,Financials,"$27,097,301,244",2.92%,0,0,0,Analyze
FE,Firstenergy Corp,Common stocks,Large cap,Utilities,"$26,912,351,204",3.26%,0,0,0,Analyze
MTCH,Match Group Inc,Common stocks,Large cap,Communication Services,"$26,841,008,349",0.00%,0,0,0,Analyze
EXPE,Expedia Inc,Common stocks,Large cap,Consumer Discretionary,"$26,832,741,942",0.00%,0,0,0,Analyze
LVS,Las Vegas Sands Corp,Common stocks,Large cap,Consumer Discretionary,"$26,762,654,683",0.00%,0,0,0,Analyze
GWW,W.W. Grainger Inc,Common stocks,Large cap,Industrials,"$26,752,509,495",1.23%,0,0,0,Analyze
DTE,DTE Energy,Common stocks,Large cap,Utilities,"$26,707,316,780",2.52%,0,0,0,Analyze
FRC,First Republic Bank,Common stocks,Large cap,Financials,"$26,700,540,300",0.57%,0,0,0,Analyze
EFX,Equifax Inc,Common stocks,Large cap,Industrials,"$26,694,645,673",0.72%,0,0,0,Analyze
KEYS,Keysight Technologies Inc,Common stocks,Large cap,Information Technology,"$26,688,462,006",0.00%,28.18,5.33,7.03,Analyze
TSCO,Tractor Supply,Common stocks,Large cap,Consumer Discretionary,"$26,543,909,404",1.04%,0,0,0,Analyze
ZBH,Zimmer Biomet Holdings Inc,Common stocks,Large cap,Health Care,"$26,508,539,093",0.76%,0,0,0,Analyze
WTW,Willis Towers Watson Public Limited Company,Common stocks,Large cap,Financials,"$26,323,138,341",1.34%,0,0,0,Analyze
DHI,D R Horton Inc,Common stocks,Large cap,Consumer Discretionary,"$25,393,306,104",1.18%,0,0,0,Analyze
LUV,Southwest Airlines,Common stocks,Large cap,Industrials,"$25,385,614,165",0.00%,27.91,1.61,2.62,Analyze
ANSS,Ansys Inc,Common stocks,Large cap,Information Technology,"$25,338,506,174",0.00%,0,0,0,Analyze
CHD,Church And Dwight Inc,Common stocks,Large cap,Consumer Staples,"$25,218,492,938",0.98%,0,0,0,Analyze
ENPH,Enphase Energy Inc,Common stocks,Large cap,Information Technology,"$25,095,392,311",0.00%,0,0,0,Analyze
LH,Laboratory Corporation Of America,Common stocks,Large cap,Health Care,"$25,032,646,428",1.04%,10.54,1.55,2.44,Analyze
AEE,Ameren Corp,Common stocks,Large cap,Utilities,"$24,934,872,755",2.30%,0,0,0,Analyze
ETR,Entergy Corp,Common stocks,Large cap,Utilities,"$24,783,003,856",3.14%,0,0,0,Analyze
DAL,Delta Air Lines Inc,Common stocks,Large cap,Industrials,"$24,714,087,331",0.00%,0,0,0,Analyze
FANG,Diamondback Energy Inc,Common stocks,Large cap,Energy,"$24,692,615,385",1.39%,0,0,0,Analyze
STE,STERIS PLC,Common stocks,Large cap,Health Care,"$24,683,358,330",0.68%,0,0,0,Analyze
HIG,Hartford Financial Services Group,Common stocks,Large cap,Financials,"$24,608,040,469",1.96%,0,0,0,Analyze
VTR,"Ventas, Inc",REITs,Large cap,Real Estate,"$24,368,509,672",2.92%,0,0,0,Analyze
LYV,Live Nation Entertainment Inc,Common stocks,Large cap,Communication Services,"$24,335,961,447",0.00%,0,0,0,Analyze
ALB,Albemarle Corp,Common stocks,Large cap,Materials,"$24,010,383,018",0.76%,0,0,0,Analyze
MAA,"Mid-America Apartment Communities, Inc",REITs,Large cap,Real Estate,"$23,827,529,020",1.99%,0,0,0,Analyze
IT,Gartner Inc,Common stocks,Large cap,Information Technology,"$23,819,734,257",0.00%,30.63,5.03,65.5,Analyze
NTRS,Northern Trust Corporation,Common stocks,Large cap,Financials,"$23,601,637,304",2.44%,0,0,0,Analyze
VRSN,Verisign Inc,Common stocks,Large cap,Information Technology,"$23,503,121,223",0.00%,0,0,0,Analyze
PARA,Paramount Global - Class B,Common stocks,Large cap,Communication Services,"$23,498,687,706",2.65%,0,0,0,Analyze
VMC,Vulcan Materials,Common stocks,Large cap,Materials,"$23,322,933,153",0.86%,0,0,0,Analyze
CDW,CDW Corp,Common stocks,Large cap,Information Technology,"$23,182,595,157",1.04%,0,0,0,Analyze
K,Kellogg,Common stocks,Large cap,Consumer Staples,"$23,113,629,011",3.37%,15.54,1.63,6.21,Analyze
URI,United Rentals Inc,Common stocks,Large cap,Industrials,"$23,014,827,772",0.00%,0,0,0,Analyze
CTRA,Coterra Energy Inc.,Common stocks,Large cap,Energy,"$23,007,468,386",1.74%,0,0,0,Analyze
CF,CF Industries Holdings Inc,Common stocks,Large cap,Materials,"$22,964,867,193",1.09%,0,0,0,Analyze
SWK,Stanley Black & Decker Inc,Common stocks,Large cap,Industrials,"$22,923,363,957",2.17%,0,0,0,Analyze
MLM,Martin Marietta Materials Inc,Common stocks,Large cap,Materials,"$22,876,977,523",0.65%,0,0,0,Analyze
ESS,"Essex Property Trust, Inc",REITs,Large cap,Real Estate,"$22,571,808,912",2.42%,0,0,0,Analyze
TDY,Teledyne Technologies Inc,Common stocks,Large cap,Information Technology,"$22,542,591,921",0.00%,0,0,0,Analyze
DRE,Duke Realty Corporation,REITs,Large cap,Real Estate,"$22,541,190,560",1.80%,0,0,0,Analyze
RJF,Raymond James Inc,Common stocks,Large cap,Financials,"$22,458,389,012",1.10%,0,0,0,Analyze
LEN,Lennar Corporation Class A,Common stocks,Large cap,Consumer Discretionary,"$22,198,707,844",1.46%,5.13,0.79,0.98,Analyze
CINF,Cincinnati Financial Corp,Common stocks,Large cap,Financials,"$21,953,756,950",1.87%,0,0,0,Analyze
GRMN,Garmin Ltd,Common stocks,Large cap,Consumer Discretionary,"$21,557,451,286",1.19%,0,0,0,Analyze
VFC,VF Corp,Common stocks,Large cap,Consumer Discretionary,"$21,549,041,368",3.53%,0,0,0,Analyze
COO,"Cooper Companies, Inc.",Common stocks,Large cap,Health Care,"$21,488,260,710",0.01%,0,0,0,Analyze
DOV,Dover Corp,Common stocks,Large cap,Industrials,"$21,301,354,737",1.34%,0,0,0,Analyze
ZBRA,Zebra Technologies Corp,Common stocks,Large cap,Information Technology,"$21,240,795,771",0.00%,0,0,0,Analyze
ULTA,Ulta Beauty Inc,Common stocks,Large cap,Consumer Discretionary,"$21,239,636,052",0.00%,0,0,0,Analyze
PPL,PPL Corporation,Common stocks,Large cap,Utilities,"$21,212,097,483",4.92%,0,0,0,Analyze
CMS,CMS Energy Corp,Common stocks,Large cap,Utilities,"$21,130,665,329",2.40%,0,0,0,Analyze
FOX,Fox Corporation Class B,Common stocks,Large cap,Communication Services,"$21,065,016,369",1.34%,0,0,0,Analyze
FOXA,Fox Corporation Class A,Common stocks,Large cap,Communication Services,"$21,065,016,369",1.23%,0,0,0,Analyze
FTV,Fortive Corp,Common stocks,Large cap,Industrials,"$21,044,881,470",0.48%,0,0,0,Analyze
BBY,Best Buy Inc,Common stocks,Large cap,Consumer Discretionary,"$20,997,983,692",3.16%,0,0,0,Analyze
MTB,M&T Bank Corp,Common stocks,Large cap,Financials,"$20,710,909,287",2.84%,0,0,0,Analyze
CCL,Carnival Corp,Common stocks,Large cap,Consumer Discretionary,"$20,434,855,196",0.00%,0,0,0,Analyze
BRO,Brown & Brown Inc,Common stocks,Large cap,Financials,"$20,367,798,766",0.54%,0,0,0,Analyze
PKI,Perkinelmer Inc,Common stocks,Large cap,Health Care,"$20,341,294,150",0.17%,0,0,0,Analyze
CNP,Centerpoint Energy Inc,Common stocks,Large cap,Utilities,"$20,299,195,094",2.03%,0,0,0,Analyze
CEG,Constellation Energy Corporation,Common stocks,Large cap,Utilities,"$20,189,642,060",0.23%,0,0,0,Analyze
RCL,Royal Caribbean Cruises Ltd,Common stocks,Large cap,Consumer Discretionary,"$20,089,118,299",0.00%,0,0,0,Analyze
HPE,Hewlett Packard Enterprise,Common stocks,Large cap,Information Technology,"$20,035,091,753",3.85%,0,0,0,Analyze
SWKS,Skyworks Solutions Inc,Common stocks,Large cap,Information Technology,"$19,736,453,880",1.80%,0,0,0,Analyze
FLT,Fleetcor Technologies Inc,Common stocks,Large cap,Information Technology,"$19,529,284,830",0.00%,0,0,0,Analyze
RF,Regions Financial Corp,Common stocks,Large cap,Financials,"$19,511,382,510",3.16%,0,0,0,Analyze
MOH,Molina Healthcare Inc,Common stocks,Large cap,Health Care,"$19,472,566,158",0.00%,0,0,0,Analyze
HBAN,Huntington Bancshares Inc,Common stocks,Large cap,Financials,"$19,461,814,800",4.46%,0,0,0,Analyze
BXP,"Boston Properties, Inc",REITs,Large cap,Real Estate,"$19,340,553,771",3.14%,0,0,0,Analyze
HOLX,Hologic Inc,Common stocks,Large cap,Health Care,"$19,123,784,874",0.00%,0,0,0,Analyze
PAYC,Paycom Software Inc,Common stocks,Large cap,Information Technology,"$19,112,895,001",0.00%,0,0,0,Analyze
PWR,Quanta Services Inc,Common stocks,Large cap,Industrials,"$19,109,086,851",0.19%,0,0,0,Analyze
AKAM,Akamai Technologies Inc,Common stocks,Large cap,Information Technology,"$18,974,768,006",0.00%,0,0,0,Analyze
PEAK,"Healthpeak Properties, Inc.",REITs,Large cap,Real Estate,"$18,918,788,775",3.38%,0,0,0,Analyze
MRO,Marathon Oil Corp,Common stocks,Large cap,Energy,"$18,876,593,950",0.83%,0,0,0,Analyze
KEY,Keycorp,Common stocks,Large cap,Financials,"$18,862,651,983",3.66%,7.52,2.68,1.09,Analyze
IR,Ingersoll Rand Plc,Common stocks,Large cap,Industrials,"$18,850,788,906",0.09%,22.25,3.5,2.14,Analyze
GPC,Genuine Parts,Common stocks,Large cap,Consumer Discretionary,"$18,692,942,223",2.51%,0,0,0,Analyze
SYF,Synchrony Financial,Common stocks,Large cap,Financials,"$18,664,435,115",2.37%,0,0,0,Analyze
MPWR,Monolithic Power Systems Inc,Common stocks,Large cap,Information Technology,"$18,651,969,360",0.63%,0,0,0,Analyze
PFG,Principal Financial Group Inc,Common stocks,Large cap,Financials,"$18,408,199,263",3.40%,0,0,0,Analyze
UDR,"UDR, Inc",REITs,Large cap,Real Estate,"$18,359,032,220",2.52%,0,0,0,Analyze
STX,Seagate Technology Plc,Common stocks,Large cap,Information Technology,"$18,201,396,888",2.47%,0,0,0,Analyze
J,Jacobs Engineering Group Inc.,Common stocks,Large cap,Industrials,"$18,127,810,142",0.61%,62.47,1.29,3.04,Analyze
CLX,Clorox,Common stocks,Large cap,Consumer Staples,"$17,993,252,081",3.10%,0,0,0,Analyze
BR,Broadridge Financial Solutions Inc,Common stocks,Large cap,Information Technology,"$17,991,150,322",1.61%,0,0,0,Analyze
WAT,Waters Corp,Common stocks,Large cap,Health Care,"$17,940,390,547",0.00%,0,0,0,Analyze
CTLT,Catalent Inc,Common stocks,Large cap,Health Care,"$17,921,163,550",0.00%,0,0,0,Analyze
INCY,Incyte Corp,Common stocks,Large cap,Health Care,"$17,721,507,883",0.00%,0,0,0,Analyze
JBHT,JB Hunt Transport Services Inc,Common stocks,Large cap,Industrials,"$17,666,487,219",0.77%,23.74,1.45,5.79,Analyze
AMCR,Amcor plc,Common stocks,Large cap,Materials,"$17,650,059,362",4.05%,0,0,0,Analyze
IP,International Paper,Common stocks,Large cap,Materials,"$17,553,637,202",4.01%,10.11,0.91,1.95,Analyze
CAH,Cardinal Health Inc,Common stocks,Large cap,Health Care,"$17,537,986,114",3.06%,0,0,0,Analyze
TRMB,Trimble Inc,Common stocks,Large cap,Information Technology,"$17,482,091,029",0.00%,0,0,0,Analyze
TER,Teradyne Inc,Common stocks,Large cap,Information Technology,"$17,481,211,118",0.38%,0,0,0,Analyze
ROL,Rollins Inc,Common stocks,Large cap,Industrials,"$17,418,380,040",1.01%,0,0,0,Analyze
FMC,FMC Corp,Common stocks,Large cap,Materials,"$17,267,497,322",1.46%,0,0,0,Analyze
CFG,Citizens Financial Group Inc,Common stocks,Large cap,Financials,"$17,265,639,089",3.77%,0,0,0,Analyze
MGM,MGM Resorts International,Common stocks,Large cap,Consumer Discretionary,"$17,217,422,760",0.03%,0,0,0,Analyze
CPT,Camden Property Trust,REITs,Large cap,Real Estate,"$17,120,471,780",2.06%,0,0,0,Analyze
TYL,Tyler Technologies Inc,Common stocks,Large cap,Information Technology,"$17,079,202,951",0.00%,0,0,0,Analyze
NTAP,NetApp Inc,Common stocks,Large cap,Information Technology,"$16,999,559,874",2.60%,0,0,0,Analyze
EPAM,Epam Systems Inc,Common stocks,Large cap,Information Technology,"$16,957,198,832",0.00%,0,0,0,Analyze
GNRC,Generac Holdings Inc,Common stocks,Large cap,Industrials,"$16,896,289,150",0.00%,0,0,0,Analyze
BIO,Bio Rad Laboratories Inc Class A,Common stocks,Large cap,Health Care,"$16,867,345,868",0.00%,0,0,0,Analyze
CAG,Conagra Brands Inc,Common stocks,Large cap,Consumer Staples,"$16,838,822,698",3.41%,0,0,0,Analyze
DISH,Dish Network Corp Class A,Common stocks,Large cap,Communication Services,"$16,716,057,286",0.00%,0,0,0,Analyze
POOL,Pool Corp,Common stocks,Large cap,Consumer Discretionary,"$16,490,422,764",0.78%,0,0,0,Analyze
EVRG,Evergy Inc,Common stocks,Large cap,Utilities,"$16,360,747,645",3.06%,0,0,0,Analyze
AES,AES Corp,Common stocks,Large cap,Utilities,"$16,317,811,222",2.47%,0,0,0,Analyze
WAB,Westinghouse Air Brake Technologies,Common stocks,Large cap,Industrials,"$16,317,314,965",0.57%,0,0,0,Analyze
SBNY,Signature Bank,Common stocks,Large cap,Financials,"$16,291,369,801",0.83%,0,0,0,Analyze
DRI,Darden Restaurants Inc,Common stocks,Large cap,Consumer Discretionary,"$16,282,820,744",3.33%,0,0,0,Analyze
ATO,Atmos Energy Corp,Common stocks,Large cap,Utilities,"$16,278,959,695",2.16%,0,0,0,Analyze
IRM,Iron Mountain Incorporated,REITs,Large cap,Real Estate,"$16,252,279,013",4.34%,36.1,3.62,18.99,Analyze
TECH,Bio-Techne Corp,Common stocks,Large cap,Health Care,"$16,216,226,839",0.31%,0,0,0,Analyze
LNT,Alliant Energy Corp,Common stocks,Large cap,Utilities,"$16,209,381,151",2.50%,24.2,4.42,2.66,Analyze
EXPD,Expeditors International Of Washington,Common stocks,Large cap,Industrials,"$16,194,088,711",1.20%,0,0,0,Analyze
DGX,Quest Diagnostics Inc,Common stocks,Large cap,Health Care,"$16,168,459,923",1.83%,0,0,0,Analyze
FDS,Factset Research Systems Inc,Common stocks,Large cap,Financials,"$16,128,784,022",0.77%,0,0,0,Analyze
OMC,Omnicom Group Inc,Common stocks,Large cap,Communication Services,"$16,125,349,745",3.54%,0,0,0,Analyze
TTWO,Take Two Interactive Software Inc,Common stocks,Large cap,Communication Services,"$15,974,653,211",0.00%,0,0,0,Analyze
TFX,Teleflex Inc,Common stocks,Large cap,Health Care,"$15,932,039,832",0.40%,0,0,0,Analyze
SEDG,SolarEdge Technologies Inc,Common stocks,Large cap,Information Technology,"$15,922,183,550",0.00%,0,0,0,Analyze
L,Loews Corp,Common stocks,Large cap,Financials,"$15,894,902,486",0.39%,10.11,1.15,0.89,Analyze
CE,Celanese Corporation,Common stocks,Large cap,Materials,"$15,552,973,570",1.88%,0,0,0,Analyze
NLOK,NortonLifeLock Inc.,Common stocks,Large cap,Information Technology,"$15,378,594,344",1.88%,0,0,0,Analyze
XYL,Xylem Inc,Common stocks,Large cap,Industrials,"$15,280,862,540",1.34%,0,0,0,Analyze
SJM,J.M. Smucker,Common stocks,Large cap,Consumer Staples,"$15,120,184,708",2.75%,0,0,0,Analyze
KMX,Carmax Inc,Common stocks,Large cap,Consumer Discretionary,"$15,089,581,894",0.00%,13.06,0.47,2.87,Analyze
KIM,Kimco Realty Corporation,REITs,Large cap,Real Estate,"$15,083,302,636",2.84%,18.93,11.05,1.56,Analyze
WDC,Western Digital Corp,Common stocks,Large cap,Information Technology,"$14,863,590,133",0.00%,0,0,0,Analyze
LDOS,Leidos Holdings Inc,Common stocks,Large cap,Industrials,"$14,765,835,026",1.30%,25.6,0,3.45,Analyze
IEX,IDEX Corp,Common stocks,Large cap,Industrials,"$14,746,056,166",1.11%,0,0,0,Analyze
PKG,Packaging Corp Of America,Common stocks,Large cap,Materials,"$14,708,687,841",2.52%,0,0,0,Analyze
TXT,Textron Inc,Common stocks,Large cap,Industrials,"$14,641,172,303",0.12%,0,0,0,Analyze
APA,Apache Corp,Common stocks,Large cap,Energy,"$14,633,389,001",0.56%,0,0,0,Analyze
NVR,"NVR, Inc.",Common stocks,Large cap,Consumer Discretionary,"$14,623,244,162",0.00%,0,0,0,Analyze
JKHY,"Jack Henry & Associates, Inc.",Common stocks,Large cap,Information Technology,"$14,618,168,874",0.93%,42.19,7.83,11.48,Analyze
HWM,Howmet Aerospace Inc.,Common stocks,Large cap,Industrials,"$14,483,149,132",0.17%,0,0,0,Analyze
CRL,Charles River Laboratories International,Common stocks,Large cap,Health Care,"$14,471,825,373",0.00%,0,0,0,Analyze
CZR,Caesars Entertainment Corp,Common stocks,Large cap,Consumer Discretionary,"$14,350,553,686",0.00%,0,0,0,Analyze
ETSY,Etsy Inc,Common stocks,Large cap,Consumer Discretionary,"$14,348,371,251",0.00%,0,0,0,Analyze
AVY,Avery Dennison Corp,Common stocks,Large cap,Materials,"$14,306,203,824",1.56%,0,0,0,Analyze
RE,Everest Re Group Ltd,Common stocks,Large cap,Financials,"$14,255,994,077",2.12%,0,0,0,Analyze
DPZ,Dominos Pizza Inc,Common stocks,Large cap,Consumer Discretionary,"$14,002,580,017",1.01%,0,0,0,Analyze
UAL,United Continental Holdings Inc,Common stocks,Large cap,Industrials,"$13,871,283,166",0.00%,0,0,0,Analyze
EMN,Eastman Chemical,Common stocks,Large cap,Materials,"$13,860,794,439",2.67%,0,0,0,Analyze
CPB,Campbell Soup,Common stocks,Large cap,Consumer Staples,"$13,790,867,534",3.20%,0,0,0,Analyze
ABMD,Abiomed Inc,Common stocks,Large cap,Health Care,"$13,638,474,168",0.00%,0,0,0,Analyze
AAP,Advance Auto Parts Inc,Common stocks,Large cap,Consumer Discretionary,"$13,554,902,809",2.01%,0,0,0,Analyze
IPG,Interpublic Group Of Companies Inc,Common stocks,Large cap,Communication Services,"$13,343,423,845",3.21%,14.19,1.3,3.83,Analyze
LKQ,LKQ Corp,Common stocks,Large cap,Consumer Discretionary,"$13,098,156,762",1.08%,12.18,1,2.3,Analyze
CHRW,"C.H. Robinson Worldwide, Inc.",Common stocks,Large cap,Industrials,"$13,045,388,180",2.07%,0,0,0,Analyze
NI,Nisource Inc,Common stocks,Large cap,Utilities,"$13,016,912,671",2.75%,0,0,0,Analyze
HST,"Host Hotels & Resorts, Inc",REITs,Large cap,Real Estate,"$13,011,814,749",0.16%,0,0,0,Analyze
BEN,Franklin Resources Inc,Common stocks,Large cap,Financials,"$12,939,745,427",4.36%,0,0,0,Analyze
VTRS,Viatris Inc.,Common stocks,Large cap,Health Care,"$12,906,178,908",4.17%,0,0,0,Analyze
CTXS,Citrix Systems Inc,Common stocks,Large cap,Information Technology,"$12,708,414,431",1.10%,0,0,0,Analyze
UHS,Universal Health Services Inc.,Common stocks,Large cap,Health Care,"$12,684,845,184",0.53%,0,0,0,Analyze
NDSN,Nordson Corp,Common stocks,Large cap,Industrials,"$12,610,765,061",0.88%,0,0,0,Analyze
WRK,Westrock,Common stocks,Large cap,Materials,"$12,602,705,089",2.03%,0,0,0,Analyze
HSIC,Henry Schein Inc,Common stocks,Large cap,Health Care,"$12,567,879,815",0.00%,0,0,0,Analyze
FFIV,F5 Networks Inc,Common stocks,Large cap,Information Technology,"$12,516,922,074",0.00%,0,0,0,Analyze
CBOE,"Cboe Global Markets, Inc.",Common stocks,Large cap,Financials,"$12,502,809,656",1.57%,0,0,0,Analyze
NWS,News Corp Class B,Common stocks,Large cap,Communication Services,"$12,436,286,724",0.93%,0,0,0,Analyze
NWSA,News Corp Class A,Common stocks,Large cap,Communication Services,"$12,436,286,724",0.95%,0,0,0,Analyze
QRVO,"Qorvo, Inc.",Common stocks,Large cap,Information Technology,"$12,372,048,641",0.00%,0,0,0,Analyze
RHI,Robert Half,Common stocks,Large cap,Industrials,"$12,287,251,528",1.41%,0,0,0,Analyze
WRB,WR Berkley Corp,Common stocks,Large cap,Financials,"$12,113,713,427",0.50%,0,0,0,Analyze
REG,Regency Centers Corporation,REITs,Large cap,Real Estate,"$11,906,964,982",3.47%,0,0,0,Analyze
PTC,PTC Inc,Common stocks,Large cap,Information Technology,"$11,853,195,448",0.00%,0,0,0,Analyze
LUMN,"CenturyLink, Inc.",Common stocks,Large cap,Communication Services,"$11,773,464,388",8.57%,5.87,0.6,1.01,Analyze
MAS,Masco Corp,Common stocks,Large cap,Industrials,"$11,748,148,620",1.97%,0,0,0,Analyze
BBWI,"Bath & Body Works, Inc.",Common stocks,Large cap,Consumer Discretionary,"$11,659,772,433",1.57%,0,0,0,Analyze
TAP,Molson Coors Brewing Class B,Common stocks,Large cap,Consumer Staples,"$11,647,410,159",1.96%,0,0,0,Analyze
CMA,Comerica Inc,Common stocks,Large cap,Financials,"$11,533,618,597",3.05%,0,0,0,Analyze
HAS,Hasbro Inc,Common stocks,Large cap,Consumer Discretionary,"$11,500,310,400",3.25%,0,0,0,Analyze
DVA,Davita Inc,Common stocks,Large cap,Health Care,"$11,480,886,000",0.00%,0,0,0,Analyze
SNA,Snap On Inc,Common stocks,Large cap,Industrials,"$11,247,459,306",2.51%,0,0,0,Analyze
AAL,American Airlines Group Inc,Common stocks,Large cap,Industrials,"$11,120,112,804",0.00%,0,0,0,Analyze
JNPR,Juniper Networks Inc,Common stocks,Large cap,Information Technology,"$11,038,295,097",2.35%,44.96,2.33,2.63,Analyze
LNC,Lincoln National Corp,Common stocks,Large cap,Financials,"$10,887,066,221",2.73%,7.91,0.57,0.55,Analyze
AIZ,Assurant Inc,Common stocks,Large cap,Financials,"$10,732,608,976",1.44%,0,0,0,Analyze
XRAY,Dentsply Sirona Inc,Common stocks,Large cap,Health Care,"$10,438,627,888",0.94%,0,0,0,Analyze
AOS,A O Smith Corp,Common stocks,Large cap,Industrials,"$10,412,684,380",1.67%,0,0,0,Analyze
MKTX,Marketaxess Holdings Inc,Common stocks,Large cap,Financials,"$10,365,012,213",0.98%,0,0,0,Analyze
WHR,Whirlpool Corp,Common stocks,Large cap,Consumer Discretionary,"$10,233,517,615",3.37%,0,0,0,Analyze
PHM,Pultegroup Inc,Common stocks,Large cap,Consumer Discretionary,"$10,093,982,929",1.38%,0,0,0,Analyze
GL,Globe Life Inc.,Common stocks,Large cap,Financials,"$10,076,887,397",0.79%,0,0,0,Analyze
SEE,Sealed Air Corp,Common stocks,Mid cap,Materials,"$9,926,595,581",1.19%,0,0,0,Analyze
NLSN,Nielsen Holdings Plc,Common stocks,Mid cap,Industrials,"$9,832,702,786",0.87%,0,0,0,Analyze
ZION,Zions Bancorporation,Common stocks,Mid cap,Financials,"$9,602,770,416",2.32%,0,0,0,Analyze
IVZ,Invesco Ltd,Common stocks,Mid cap,Financials,"$9,601,498,538",3.19%,7.01,1.39,0.63,Analyze
LW,Lamb Weston Holdings Inc,Common stocks,Mid cap,Consumer Staples,"$9,571,050,600",1.43%,0,0,0,Analyze
FRT,Federal Realty Investment Trust,REITs,Mid cap,Real Estate,"$9,476,470,880",0.89%,0,0,0,Analyze
NRG,NRG Energy Inc,Common stocks,Mid cap,Utilities,"$9,412,496,400",3.37%,0,0,0,Analyze
ALLE,Allegion PLC,Common stocks,Mid cap,Industrials,"$9,334,780,764",1.40%,0,0,0,Analyze
CDAY,Ceridian HCM Holding Inc.,Common stocks,Mid cap,Information Technology,"$9,334,329,487",0.00%,0,0,0,Analyze
FBHS,Fortune Brands Home And Security,Common stocks,Mid cap,Industrials,"$9,307,946,928",1.50%,0,0,0,Analyze
NWL,Newell Brands Inc,Common stocks,Mid cap,Consumer Discretionary,"$9,251,686,037",4.07%,0,0,0,Analyze
TPR,Tapestry,Common stocks,Mid cap,Consumer Discretionary,"$8,991,489,829",2.19%,0,0,0,Analyze
BWA,BorgWarner Inc,Common stocks,Mid cap,Consumer Discretionary,"$8,893,402,752",1.82%,0,0,0,Analyze
OGN,Organon & Co.,Common stocks,Mid cap,Health Care,"$8,874,764,893",2.38%,0,0,0,Analyze
PNW,Pinnacle West Corp,Common stocks,Mid cap,Utilities,"$8,839,704,930",4.22%,0,0,0,Analyze
PNR,Pentair,Common stocks,Mid cap,Industrials,"$8,703,330,846",1.53%,0,0,0,Analyze
HII,Huntington Ingalls Industries Inc,Common stocks,Mid cap,Industrials,"$8,412,867,990",2.19%,0,0,0,Analyze
WYNN,Wynn Resorts Ltd,Common stocks,Mid cap,Consumer Discretionary,"$8,288,163,026",0.00%,0,0,0,Analyze
VNO,Vornado Realty Trust,REITs,Mid cap,Real Estate,"$7,993,784,014",4.99%,0,0,0,Analyze
MHK,Mohawk Industries Inc,Common stocks,Mid cap,Consumer Discretionary,"$7,871,264,341",0.00%,0,0,0,Analyze
RL,Ralph Lauren Corp Class A,Common stocks,Mid cap,Consumer Discretionary,"$7,735,494,487",2.58%,0,0,0,Analyze
DXC,DXC Technology Company,Common stocks,Mid cap,Information Technology,"$7,505,470,640",0.00%,0,0,0,Analyze
UA,Under Armour Inc Class C,Common stocks,Mid cap,Consumer Discretionary,"$7,118,353,440",0.00%,0,0,0,Analyze
UAA,Under Armour Inc Class A,Common stocks,Mid cap,Consumer Discretionary,"$7,118,353,440",0.00%,0,0,0,Analyze
ALK,Alaska Air Group Inc,Common stocks,Mid cap,Industrials,"$6,739,329,144",0.00%,0,0,0,Analyze
PENN,Penn National Gaming Inc,Common stocks,Mid cap,Consumer Discretionary,"$6,204,371,663",0.00%,0,0,0,Analyze
IPGP,IPG Photonics Corp,Common stocks,Mid cap,Information Technology,"$5,215,890,600",0.00%,18.94,3.57,1.92,Analyze
PVH,PVH Corp,Common stocks,Mid cap,Consumer Discretionary,"$5,209,332,906",0.10%,0,0,0,Analyze
NCLH,Norwegian Cruise Line Holdings Ltd,Common stocks,Mid cap,Consumer Discretionary,"$4,340,980,000",0.00%,0,0,0,Analyze
DISCA,Discovery Communications Inc Series A,Common stocks,Unknown,Communication Services,$0,0.00%,0,0,0,Analyze
DISCK,"Discovery Communications, Inc. - Series C",Common stocks,Unknown,Communication Services,$0,0.00%,0,0,0,Analyze
